{"created_at":"2020-01-22T12:01:57.375Z","updated_at":"2020-01-22T12:07:41.361Z","title":"ecommerce-app-android","uid":"ecommerce_app_android","_version":2,"inbuilt_class":false,"schema":[{"display_name":"Title","uid":"title","data_type":"text","mandatory":true,"unique":true,"field_metadata":{"_default":true},"multiple":false,"non_localizable":false},{"display_name":"URL","uid":"url","data_type":"text","mandatory":false,"field_metadata":{"_default":true},"multiple":false,"unique":false,"non_localizable":false},{"data_type":"text","display_name":"description","uid":"description","field_metadata":{"description":"","default_value":"Lights are often inserted in lamp holders which offer electrical connections to the lamp and help it inside the lighting fixture. The usage of lamp bases allows lights to become safely and conveniently replaced (re-lamping) in the end of life, or to transform power, color, lighting technology or and so on.","multiline":true,"placeholder":""},"format":"","error_messages":{"format":""},"mandatory":true,"multiple":false,"unique":false,"non_localizable":false},{"data_type":"text","display_name":"price","uid":"price","field_metadata":{"description":"","default_value":"190"},"format":"","error_messages":{"format":""},"min":2,"max":4,"mandatory":false,"multiple":false,"unique":false,"non_localizable":false},{"data_type":"file","display_name":"image","uid":"image","extensions":[],"field_metadata":{"description":"","rich_text_type":"standard","image":true},"dimension":{"width":{"min":null,"max":null},"height":{"min":null,"max":null}},"multiple":false,"mandatory":false,"unique":false,"non_localizable":false},{"data_type":"boolean","display_name":"isFavorite","uid":"isfavorite","field_metadata":{"description":"","default_value":false},"multiple":false,"mandatory":false,"unique":false,"non_localizable":false},{"data_type":"text","display_name":"review","uid":"review","field_metadata":{"description":"","default_value":"","placeholder":"294"},"format":"","error_messages":{"format":""},"min":1,"max":3,"multiple":false,"mandatory":false,"unique":false,"non_localizable":false}],"last_activity":{"environments":[{"uid":"blt16cc06962a24242f","details":[{"locale":"en-us","time":"2020-01-24T07:49:37.075Z"}]}]},"maintain_revisions":true,"description":"","DEFAULT_ACL":[{"k":"others","v":{"read":false,"create":false}},{"k":"users.blt272063081a668587","v":{"read":true,"sub_acl":{"read":true}}}],"SYS_ACL":{"roles":[{"read":true,"sub_acl":{"read":true,"update":true},"uid":"bltde2d95da4661bcd7"}]},"options":{"is_page":true,"singleton":false,"title":"title","sub_title":[],"url_pattern":"/:title","url_prefix":"/"},"abilities":{"get_one_object":true,"get_all_objects":true,"create_object":true,"update_object":true,"delete_object":true,"delete_all_objects":true}}